{
	"pages": [ //pages数组中第一项表示应用启动页，参考：https://uniapp.dcloud.io/collocation/pages
		{
			"path": "pages/welcome/welcome",
			"style": {
				"navigationBarTitleText": "全然可见"
			}
		},
		{
			"path": "pages/login/index",
			"style": {
				"navigationBarTitleText": "登录"
			}
		},
		{
			"path": "pages/category/index",
			"style": {
				"navigationBarTitleText": "项目分类"
			}
		},
		{
			"path": "pages/home/home",
			"style": {
				"navigationBarTitleText": "首页",
				"navigationBarBackgroundColor":"#B01F24"
			}
		},
		{
			"path": "pages/videoDetail/videoDetail",
			"style": {
				"navigationBarTitleText": "视频详情"
			}
		}
	],
	"globalStyle": {
		"navigationBarTextStyle": "black",
		"navigationBarTitleText": "uni-app",
		"navigationBarBackgroundColor": "#F8F8F8",
		"backgroundColor": "#F8F8F8"
	}
}
